{
  "baseline": {
    "auroc": {
      "mean": 0.571658995563693,
      "ci_lower": 0.5620658684799884,
      "ci_upper": 0.5810294157203457
    },
    "auprc": {
      "mean": 0.24101447004220294,
      "ci_lower": 0.2314309303493235,
      "ci_upper": 0.25135370693664905
    },
    "brier": 0.15586495244030357
  },
  "strong": {
    "auroc": {
      "mean": 0.6163961610686352,
      "ci_lower": 0.606750453766948,
      "ci_upper": 0.626514870158358
    },
    "auprc": {
      "mean": 0.2985921374551009,
      "ci_lower": 0.28577077538654855,
      "ci_upper": 0.3119873272262162
    },
    "brier": 0.15057032440381005
  }
}